{
  "target_agent": "spec",
  "target_agent_id": 0,
  "config": {
    "seed": 42,
    "limit": 164,
    "max_in_len": 512,
    "max_out_len": 384,
    "spm_vocab": 4096,
    "decode_max_len": 512,
    "spec_decode_len": 320,
    "impl_decode_len": 160,
    "stage1_generated_spec_prob": 1.0,
    "n_agents": 2,
    "model_dim": 384,
    "n_heads": 4,
    "n_layers_enc": 4,
    "n_layers_dec": 4,
    "max_len_cap": 640,
    "pipe_epochs": 20,
    "pipe_batch": 8,
    "pipe_lr": 0.0002,
    "ft_epochs": 4,
    "ft_batch": 8,
    "ft_lr": 0.0001,
    "ft_unfreeze_adapters": true,
    "ft_unfreeze_dec_norms": false,
    "max_repair_attempts": 3,
    "n_validation_samples": 10,
    "out_dir": "/Users/dae-kyookim/Library/CloudStorage/OneDrive-Personal/EMSE2026/experiments/outputs/post_deployment_humaneval",
    "deployed_checkpoint": "outputs/humaneval/deployed_joint.pt",
    "spec_validity_threshold": 0.9,
    "spec_gate_samples": 33,
    "lambda_constraint": 0.01
  },
  "before": {
    "spec_ce": 6.496654033660889,
    "spec_tok_acc": 0.14927184581756592,
    "spec_validity": 0.0,
    "spec_consistency": 0.4753691960213702,
    "impl_raw_ce": 5.980922222137451,
    "impl_raw_tok_acc": 0.14780457317829132,
    "impl_gold_spec_ce": 5.983332633972168,
    "impl_gold_spec_tok_acc": 0.14533086121082306,
    "impl_generated_spec_ce": 6.0062689781188965,
    "impl_generated_spec_tok_acc": 0.1484230011701584,
    "pipeline_ce": 6.0062689781188965,
    "pipeline_tok_acc": 0.1484230011701584,
    "pipeline_lift_ce_vs_raw": 0.025346755981445312,
    "pipeline_lift_acc_vs_raw": 0.0006184279918670654
  },
  "after": {
    "spec_ce": 6.38240909576416,
    "spec_tok_acc": 0.17677994072437286,
    "spec_validity": 0.037037037037037035,
    "spec_consistency": 0.4642697881828322,
    "impl_raw_ce": 5.980922222137451,
    "impl_raw_tok_acc": 0.14780457317829132,
    "impl_gold_spec_ce": 5.983332633972168,
    "impl_gold_spec_tok_acc": 0.14533086121082306,
    "impl_generated_spec_ce": 5.9809064865112305,
    "impl_generated_spec_tok_acc": 0.1465677171945572,
    "pipeline_ce": 5.9809064865112305,
    "pipeline_tok_acc": 0.1465677171945572,
    "pipeline_lift_ce_vs_raw": -1.5735626220703125e-05,
    "pipeline_lift_acc_vs_raw": -0.0012368559837341309
  },
  "delta": {
    "delta_spec_ce": -0.11424493789672852,
    "delta_spec_tok_acc": 0.027508094906806946,
    "delta_spec_validity": 0.037037037037037035,
    "delta_spec_consistency": -0.011099407838537967,
    "delta_impl_raw_ce": 0.0,
    "delta_impl_raw_tok_acc": 0.0,
    "delta_impl_gold_spec_ce": 0.0,
    "delta_impl_gold_spec_tok_acc": 0.0,
    "delta_impl_generated_spec_ce": -0.025362491607666016,
    "delta_impl_generated_spec_tok_acc": -0.0018552839756011963,
    "delta_pipeline_ce": -0.025362491607666016,
    "delta_pipeline_tok_acc": -0.0018552839756011963,
    "delta_pipeline_lift_ce_vs_raw": -0.025362491607666016,
    "delta_pipeline_lift_acc_vs_raw": -0.0018552839756011963
  },
  "adaptation_cost": {
    "trainable_params": 1664613,
    "total_params": 25301194,
    "AC_trainable_ratio": 0.06579187527671619
  },
  "detailed_efficiency": {
    "total_params": 25301194,
    "trainable_params": 1664613,
    "trainable_ratio": 0.06579187527671619,
    "encoder_params": 10583552,
    "decoder_params": 12952064,
    "shared_params": 23535616,
    "per_agent_params": [
      1664613,
      1664613
    ],
    "active_agent_id": 0,
    "active_agent_params": 1664613,
    "active_inference_params": 25200229,
    "active_parameter_ratio": 0.9960094768650049
  },
  "parameter_locality": {
    "changed_tensor_count": 8,
    "unchanged_tensor_count": 135,
    "max_abs_parameter_delta": 0.0016580745577812195,
    "target_changed_count": 8,
    "non_target_changed_count": 0,
    "target_changed_tensors": [
      "routing.agents.0.adapter.0.weight",
      "routing.agents.0.adapter.0.bias",
      "routing.agents.0.adapter.1.weight",
      "routing.agents.0.adapter.1.bias",
      "routing.agents.0.adapter.3.weight",
      "routing.agents.0.adapter.3.bias",
      "routing.agents.0.role_head.weight",
      "routing.agents.0.role_head.bias"
    ],
    "non_target_changed_tensors": []
  }
}